{"width": 20, "height": 20, "resolution": 0.1, "objects": [{"id": "door_01", "type": "door", "pose": {"x": 14.4, "y": 7.1000000000000005, "theta": 1.57}, "dims": [0.2, 1.0]}, {"id": "bed_01", "type": "bed", "pose": {"x": 16.900000000000002, "y": 7.1000000000000005, "theta": 0.0}, "dims": [2.0, 1.0]}, {"id": "person_01", "type": "person", "pose": {"x": 9.600000000000001, "y": 3.9000000000000004, "theta": 5.6533504642160635}, "dims": [0.5, 0.5]}]}